{"cameraMode":{"drawMode":0,"name":"Shaded","section":"Shading Mode"},"sceneLighting":false,"audioPlay":false,"sceneViewState":{"m_AlwaysRefresh":false,"showFog":true,"showSkybox":false,"showFlares":true,"showImageEffects":true,"showParticleSystems":true,"showVisualEffectGraphs":true,"m_FxEnabled":true},"in2DMode":false,"pivot":{"x":0.9253560304641724,"y":4.885571002960205,"z":-1.7963056564331055},"rotation":{"x":0.06899378448724747,"y":0.8812370300292969,"z":-0.13589513301849366,"w":0.4474441409111023},"size":0.27156952023506167,"orthographic":false}