{"cameraMode":{"drawMode":0,"name":"Shaded","section":"Shading Mode"},"sceneLighting":false,"audioPlay":false,"sceneViewState":{"m_AlwaysRefresh":false,"showFog":true,"showSkybox":false,"showFlares":true,"showImageEffects":true,"showParticleSystems":true,"showVisualEffectGraphs":true,"m_FxEnabled":true},"in2DMode":false,"pivot":{"x":5.960464477539063e-8,"y":1.834841251373291,"z":0.4083225727081299},"rotation":{"x":0.005188820883631706,"y":0.9572970271110535,"z":-0.017235463485121728,"w":0.2885885536670685},"size":2.7649996280670168,"orthographic":false}